{
  "project_info": {
    "project_number": "710088708578",
    "project_id": "adminapp-23811",
    "storage_bucket": "adminapp-23811.appspot.com"
  },
  "client": [
    {
      "client_info": {
        "mobilesdk_app_id": "1:710088708578:android:ac0bc32e6da1b93712e9bb",
        "android_client_info": {
          "package_name": "com.adminpanel"
        }
      },
      "oauth_client": [
        {
          "client_id": "710088708578-o8nq6lg6bo3iiprs7egitsfkso6ane2n.apps.googleusercontent.com",
          "client_type": 3
        }
      ],
      "api_key": [
        {
          "current_key": "AIzaSyCMlJCbvnms5DVFnjlq0pa9qpfWCNYAf24"
        }
      ],
      "services": {
        "appinvite_service": {
          "other_platform_oauth_client": [
            {
              "client_id": "710088708578-o8nq6lg6bo3iiprs7egitsfkso6ane2n.apps.googleusercontent.com",
              "client_type": 3
            }
          ]
        }
      }
    }
  ],
  "configuration_version": "1"
}